{
    "requestId": "202406211048",
    "jcbw": {
        "jbr": "1",
        "jbrsfzjlxDm": "1",
        "jbrsfzjhm": "123"
    },
    "ywbw": [
        {
            "swsxDm": "SXN022000601",
            "djxh": "10214406000000030524",
            "swjgDm": "14400000000",
            "skssqq": "2024-06-01",
            "skssqz": "2024-06-30",
            "gzbz": "Y",
            "syczbz": "",
            "sbsj": {"pch":"","sbxxList":[{"ywbw":{"sbFjsf":{"sbFjsfHznsfjsffpb":null,"sbFjsfMx":[{"djxh":null,"uuid":null,"pzxh":null,"sbuuid":null,"ewbhxh":null,"zsxmDm":"10109","zsxmMc":"城市维护建设税","zspmDm":"101090101","zspmMc":"","ybzzs":0,"zzsmdse":0,"xfs":0,"yys":0,"hj":0,"sl1":0.07,"bqynsfe":0,"jme":0,"bqyjse":0,"bqybtse":0,"rdpzuuid":"7FD12C16E2C20192E0539B0C4C0AFF4D","ssjmxzDm":"","lsbbz":"","zszsxmDm":"","xssr":0,"bqsfsyxgmyhzc":"","phjmxzDm":"","phjmxzMc":"","phjmswsxDm":"","phjmswsxMc":"","lslfjzsxMc":"","phjzbl":0,"phjmse":0,"zzsldtse":0,"cjrhjmxzDm":"","bqcjrhxqydmje":0,"swsxDm":"","zzsxejmje":0,"cjrhjmxzMc":""},{"djxh":null,"uuid":null,"pzxh":null,"sbuuid":null,"ewbhxh":null,"zsxmDm":"30203","zsxmMc":"教育费附加","zspmDm":"302030100","zspmMc":"","ybzzs":0,"zzsmdse":0,"xfs":0,"yys":0,"hj":0,"sl1":0.03,"bqynsfe":0,"jme":0,"bqyjse":0,"bqybtse":0,"rdpzuuid":"7FD12C16E2C30192E0539B0C4C0AFF4D","ssjmxzDm":"","lsbbz":"","zszsxmDm":"","xssr":0,"bqsfsyxgmyhzc":"","phjmxzDm":"","phjmxzMc":"","phjmswsxDm":"","phjmswsxMc":"","lslfjzsxMc":"","phjzbl":0,"phjmse":0,"zzsldtse":0,"cjrhjmxzDm":"","bqcjrhxqydmje":0,"swsxDm":"","zzsxejmje":0,"cjrhjmxzMc":""},{"djxh":null,"uuid":null,"pzxh":null,"sbuuid":null,"ewbhxh":null,"zsxmDm":"30216","zsxmMc":"地方教育附加","zspmDm":"302160100","zspmMc":"","ybzzs":0,"zzsmdse":0,"xfs":0,"yys":0,"hj":0,"sl1":0.02,"bqynsfe":0,"jme":0,"bqyjse":0,"bqybtse":0,"rdpzuuid":"7FD12C16E2C10192E0539B0C4C0AFF4D","ssjmxzDm":"","lsbbz":"","zszsxmDm":"","xssr":0,"bqsfsyxgmyhzc":"","phjmxzDm":"","phjmxzMc":"","phjmswsxDm":"","phjmswsxMc":"","lslfjzsxMc":"","phjzbl":0,"phjmse":0,"zzsldtse":0,"cjrhjmxzDm":"","bqcjrhxqydmje":0,"swsxDm":"","zzsxejmje":0,"cjrhjmxzMc":""}],"sbFjsfQtxx":{"djxh":null,"uuid":null,"sbuuid":null,"pzxh":null,"bqsfsycjyhxqyjzzc":"N","dqxztze":0,"jzbl":0,"sqldkdmje":0,"jzxqkdmje":0,"yywxsphjm":"","bchssqq":"","bchssqz":"","fjsddsbyy":"","mdsexgyy":"","dqxzldtse":0,"sqjcldtse":0,"jzxqldtse":0,"jsyjxgxz":"","jsyjxgyy":"","jzzcsyztDm":"00","syxgmjzzcqssj":"","syxgmjzzczzsj":"","bqsfsyxgmyhzc":"N"}},"sbZzsFbZzsjmssbmxb":{"sbZzsFbZzsjmssbmxbJsxm":[{"djxh":null,"uuid":null,"sbuuid":null,"pzxh":null,"ewbhxh":"1","hmc":"合计","qcye":0,"bqfse":0,"bqydjse":0,"bqsjdjse":0,"qmye":0,"swsxDm":null,"ssjmxzDm":null}],"sbZzsFbZzsjmssbmxbMsxm":[{"djxh":null,"uuid":null,"sbuuid":null,"pzxh":null,"ewbhxh":"1","hmc":"合计","mzzzsxmxse":0,"bqsjkcje":0,"kchmsxse":0,"msxsedyjxse":0,"mse":0,"swsxDm":null},{"djxh":null,"uuid":null,"sbuuid":null,"pzxh":null,"ewbhxh":"2","hmc":"出口免税","mzzzsxmxse":0,"bqsjkcje":0,"kchmsxse":0,"msxsedyjxse":0,"mse":0,"swsxDm":null},{"djxh":null,"uuid":null,"sbuuid":null,"pzxh":null,"ewbhxh":"3","hmc":"其中:跨境服务","mzzzsxmxse":0,"bqsjkcje":0,"kchmsxse":0,"msxsedyjxse":0,"mse":0,"swsxDm":null}]},"sbZzsYbnsr":[{"djxh":null,"uuid":null,"sbuuid":null,"pzxh":null,"ewblxh":"1","ewbhlbm":"YBHWJLW_BYS","lmc":"一般货物及劳务和应税服务本月数","asysljsxse":0,"yshwxse":0,"yslwxse":0,"syslNsjctzxse":0,"ajybfjsxse":0,"jybfNsjctzxse":0,"mdtbfckxse":0,"msxse":0,"mshwxse":0,"mslwxse":0,"xxse":0,"jxse":0,"sqldse":569.47,"jxsezc":0,"mdtytse":0,"syslNsjcybjse":0,"ydksehj":569.47,"sjdkse":0,"ynse":0,"qmldse":569.47,"jybfYnse":0,"jybfNsjcybjse":0,"ynsejze":0,"ynsehj":0,"qcwjse":0,"ssckkjzyjkstse":0,"bqyjse":0,"fcyjse":0,"ckkjzyjksyjse":0,"bqjnsqynse":0,"bqjnqjse":0,"qmwjse":0,"qmwjseQjse":0,"bqybtse":0,"jzjtsjtse":0,"qcwjcbse":0,"bqrkcbse":0,"qmwjcbse":0,"zgswskfjDm":null,"sqr":null,"smrxm":null,"slr":null,"dlrmc":null,"dlrdz":null,"bqybtsecjs":0,"bqybtsejyfj":0,"bqybtsedfjyfj":0},{"djxh":null,"uuid":null,"sbuuid":null,"pzxh":null,"ewblxh":"2","ewbhlbm":"YBHWJLW_BNLJ","lmc":"一般货物及劳务和应税服务本年累计","asysljsxse":0,"yshwxse":0,"yslwxse":0,"syslNsjctzxse":0,"ajybfjsxse":0,"jybfNsjctzxse":0,"mdtbfckxse":0,"msxse":0,"mshwxse":0,"mslwxse":0,"xxse":0,"jxse":0,"sqldse":0,"jxsezc":0,"mdtytse":0,"syslNsjcybjse":0,"ydksehj":569.47,"sjdkse":0,"ynse":0,"qmldse":0,"jybfYnse":0,"jybfNsjcybjse":0,"ynsejze":0,"ynsehj":0,"qcwjse":0,"ssckkjzyjkstse":0,"bqyjse":0,"fcyjse":0,"ckkjzyjksyjse":0,"bqjnsqynse":0,"bqjnqjse":0,"qmwjse":0,"qmwjseQjse":0,"bqybtse":0,"jzjtsjtse":0,"qcwjcbse":0,"bqrkcbse":0,"qmwjcbse":0,"zgswskfjDm":null,"sqr":null,"smrxm":null,"slr":null,"dlrmc":null,"dlrdz":null,"bqybtsecjs":0,"bqybtsejyfj":0,"bqybtsedfjyfj":0},{"djxh":null,"uuid":null,"sbuuid":null,"pzxh":null,"ewblxh":"3","ewbhlbm":"JZJTHWJLW_BYS","lmc":"即征即退货物及劳务和应税服务本月数","asysljsxse":0,"yshwxse":0,"yslwxse":0,"syslNsjctzxse":0,"ajybfjsxse":0,"jybfNsjctzxse":0,"mdtbfckxse":0,"msxse":0,"mshwxse":0,"mslwxse":0,"xxse":0,"jxse":0,"sqldse":0,"jxsezc":0,"mdtytse":0,"syslNsjcybjse":0,"ydksehj":0,"sjdkse":0,"ynse":0,"qmldse":0,"jybfYnse":0,"jybfNsjcybjse":0,"ynsejze":0,"ynsehj":0,"qcwjse":0,"ssckkjzyjkstse":0,"bqyjse":0,"fcyjse":0,"ckkjzyjksyjse":0,"bqjnsqynse":0,"bqjnqjse":0,"qmwjse":0,"qmwjseQjse":0,"bqybtse":0,"jzjtsjtse":0,"qcwjcbse":0,"bqrkcbse":0,"qmwjcbse":0,"zgswskfjDm":null,"sqr":null,"smrxm":null,"slr":null,"dlrmc":null,"dlrdz":null,"bqybtsecjs":0,"bqybtsejyfj":0,"bqybtsedfjyfj":0},{"djxh":null,"uuid":null,"sbuuid":null,"pzxh":null,"ewblxh":"4","ewbhlbm":"JZJTHWJLW_BNLJ","lmc":"即征即退货物及劳务和应税服务本年累计","asysljsxse":0,"yshwxse":0,"yslwxse":0,"syslNsjctzxse":0,"ajybfjsxse":0,"jybfNsjctzxse":0,"mdtbfckxse":0,"msxse":0,"mshwxse":0,"mslwxse":0,"xxse":0,"jxse":0,"sqldse":0,"jxsezc":0,"mdtytse":0,"syslNsjcybjse":0,"ydksehj":0,"sjdkse":0,"ynse":0,"qmldse":0,"jybfYnse":0,"jybfNsjcybjse":0,"ynsejze":0,"ynsehj":0,"qcwjse":0,"ssckkjzyjkstse":0,"bqyjse":0,"fcyjse":0,"ckkjzyjksyjse":0,"bqjnsqynse":0,"bqjnqjse":0,"qmwjse":0,"qmwjseQjse":0,"bqybtse":0,"jzjtsjtse":0,"qcwjcbse":0,"bqrkcbse":0,"qmwjcbse":0,"zgswskfjDm":null,"sqr":null,"smrxm":null,"slr":null,"dlrmc":null,"dlrdz":null,"bqybtsecjs":0,"bqybtsejyfj":0,"bqybtsedfjyfj":0}],"sbZzsYbnsrFb1Bqxsqkmx":[{"uuid":null,"sbuuid":null,"djxh":null,"nsrsbh":null,"nsrmc":null,"sbjnfsDm":null,"pzxh":null,"ewbhxh":"1","ewbhlbm":"SLDHWJJGXLXPLW_13","hmc":"13%税率的货物及加工修理修配劳务","kjskzzszyfpXse":0,"kjskzzszyfpXxynse":0,"kjqtfpXse":0,"kjqtfpXxynse":0,"wkjfpXse":0,"wkjfpXxynse":0,"nsjctzdxse":0,"nsjctzXxynse":0,"xse":0,"hjXxynse":0,"jshj":0,"ysfwkcxmbqsjkcje":0,"kchHsmsxse":0,"kchXxynse":0,"zgswskfjDm":null,"yzl":null},{"uuid":null,"sbuuid":null,"djxh":null,"nsrsbh":null,"nsrmc":null,"sbjnfsDm":null,"pzxh":null,"ewbhxh":"2","ewbhlbm":"SLDFW_BDCHWXZC_13","hmc":"13%税率的服务、不动产和无形资产","kjskzzszyfpXse":0,"kjskzzszyfpXxynse":0,"kjqtfpXse":0,"kjqtfpXxynse":0,"wkjfpXse":0,"wkjfpXxynse":0,"nsjctzdxse":0,"nsjctzXxynse":0,"xse":0,"hjXxynse":0,"jshj":0,"ysfwkcxmbqsjkcje":0,"kchHsmsxse":0,"kchXxynse":0,"zgswskfjDm":null,"yzl":null},{"uuid":null,"sbuuid":null,"djxh":null,"nsrsbh":null,"nsrmc":null,"sbjnfsDm":null,"pzxh":null,"ewbhxh":"4","ewbhlbm":"SLDFW_BDCHWXZC_9","hmc":"9%税率的服务、不动产和无形资产","kjskzzszyfpXse":0,"kjskzzszyfpXxynse":0,"kjqtfpXse":0,"kjqtfpXxynse":0,"wkjfpXse":0,"wkjfpXxynse":0,"nsjctzdxse":0,"nsjctzXxynse":0,"xse":0,"hjXxynse":0,"jshj":0,"ysfwkcxmbqsjkcje":0,"kchHsmsxse":0,"kchXxynse":0,"zgswskfjDm":null,"yzl":null},{"uuid":null,"sbuuid":null,"djxh":null,"nsrsbh":null,"nsrmc":null,"sbjnfsDm":null,"pzxh":null,"ewbhxh":"5","ewbhlbm":"YBJSFFJSQBZSXM_SL","hmc":"6%税率","kjskzzszyfpXse":0,"kjskzzszyfpXxynse":0,"kjqtfpXse":0,"kjqtfpXxynse":0,"wkjfpXse":0,"wkjfpXxynse":0,"nsjctzdxse":0,"nsjctzXxynse":0,"xse":0,"hjXxynse":0,"jshj":0,"ysfwkcxmbqsjkcje":0,"kchHsmsxse":0,"kchXxynse":0,"zgswskfjDm":null,"yzl":null},{"uuid":null,"sbuuid":null,"djxh":null,"nsrsbh":null,"nsrmc":null,"sbjnfsDm":null,"pzxh":null,"ewbhxh":"6","ewbhlbm":"YBJSFFJSJZJTHWJJGXLXPLW","hmc":"即征即退货物及加工修理修配劳务","kjskzzszyfpXse":0,"kjskzzszyfpXxynse":0,"kjqtfpXse":0,"kjqtfpXxynse":0,"wkjfpXse":0,"wkjfpXxynse":0,"nsjctzdxse":0,"nsjctzXxynse":0,"xse":0,"hjXxynse":0,"jshj":0,"ysfwkcxmbqsjkcje":0,"kchHsmsxse":0,"kchXxynse":0,"zgswskfjDm":null,"yzl":null},{"uuid":null,"sbuuid":null,"djxh":null,"nsrsbh":null,"nsrmc":null,"sbjnfsDm":null,"pzxh":null,"ewbhxh":"7","ewbhlbm":"YBJSFFJSJZJTFW_BDCHWXZC","hmc":"即征即退服务、不动产和无形资产","kjskzzszyfpXse":0,"kjskzzszyfpXxynse":0,"kjqtfpXse":0,"kjqtfpXxynse":0,"wkjfpXse":0,"wkjfpXxynse":0,"nsjctzdxse":0,"nsjctzXxynse":0,"xse":0,"hjXxynse":0,"jshj":0,"ysfwkcxmbqsjkcje":0,"kchHsmsxse":0,"kchXxynse":0,"zgswskfjDm":null,"yzl":null},{"uuid":null,"sbuuid":null,"djxh":null,"nsrsbh":null,"nsrmc":null,"sbjnfsDm":null,"pzxh":null,"ewbhxh":"8","ewbhlbm":"JYJSFFJSQBZSXM_ZSL","hmc":"6%征收率","kjskzzszyfpXse":0,"kjskzzszyfpXxynse":0,"kjqtfpXse":0,"kjqtfpXxynse":0,"wkjfpXse":0,"wkjfpXxynse":0,"nsjctzdxse":0,"nsjctzXxynse":0,"xse":0,"hjXxynse":0,"jshj":0,"ysfwkcxmbqsjkcje":0,"kchHsmsxse":0,"kchXxynse":0,"zgswskfjDm":null,"yzl":null},{"uuid":null,"sbuuid":null,"djxh":null,"nsrsbh":null,"nsrmc":null,"sbjnfsDm":null,"pzxh":null,"ewbhxh":"9","ewbhlbm":"ZSLDHWJJGXLXPLW_5","hmc":"5%征收率的货物及加工修理修配劳务","kjskzzszyfpXse":0,"kjskzzszyfpXxynse":0,"kjqtfpXse":0,"kjqtfpXxynse":0,"wkjfpXse":0,"wkjfpXxynse":0,"nsjctzdxse":0,"nsjctzXxynse":0,"xse":0,"hjXxynse":0,"jshj":0,"ysfwkcxmbqsjkcje":0,"kchHsmsxse":0,"kchXxynse":0,"zgswskfjDm":null,"yzl":null},{"uuid":null,"sbuuid":null,"djxh":null,"nsrsbh":null,"nsrmc":null,"sbjnfsDm":null,"pzxh":null,"ewbhxh":"10","ewbhlbm":"ZSL_4","hmc":"4%征收率","kjskzzszyfpXse":0,"kjskzzszyfpXxynse":0,"kjqtfpXse":0,"kjqtfpXxynse":0,"wkjfpXse":0,"wkjfpXxynse":0,"nsjctzdxse":0,"nsjctzXxynse":0,"xse":0,"hjXxynse":0,"jshj":0,"ysfwkcxmbqsjkcje":0,"kchHsmsxse":0,"kchXxynse":0,"zgswskfjDm":null,"yzl":null},{"uuid":null,"sbuuid":null,"djxh":null,"nsrsbh":null,"nsrmc":null,"sbjnfsDm":null,"pzxh":null,"ewbhxh":"11","ewbhlbm":"ZSLDHWJJGXLXPLW_3","hmc":"3%征收率的货物及加工修理修配劳务","kjskzzszyfpXse":0,"kjskzzszyfpXxynse":0,"kjqtfpXse":0,"kjqtfpXxynse":0,"wkjfpXse":0,"wkjfpXxynse":0,"nsjctzdxse":0,"nsjctzXxynse":0,"xse":0,"hjXxynse":0,"jshj":0,"ysfwkcxmbqsjkcje":0,"kchHsmsxse":0,"kchXxynse":0,"zgswskfjDm":null,"yzl":null},{"uuid":null,"sbuuid":null,"djxh":null,"nsrsbh":null,"nsrmc":null,"sbjnfsDm":null,"pzxh":null,"ewbhxh":"12","ewbhlbm":"ZSLDFW_BDCHWXZC_3","hmc":"3%征收率的服务、不动产和无形资产","kjskzzszyfpXse":0,"kjskzzszyfpXxynse":0,"kjqtfpXse":0,"kjqtfpXxynse":0,"wkjfpXse":0,"wkjfpXxynse":0,"nsjctzdxse":0,"nsjctzXxynse":0,"xse":0,"hjXxynse":0,"jshj":0,"ysfwkcxmbqsjkcje":0,"kchHsmsxse":0,"kchXxynse":0,"zgswskfjDm":null,"yzl":null},{"uuid":null,"sbuuid":null,"djxh":null,"nsrsbh":null,"nsrmc":null,"sbjnfsDm":null,"pzxh":null,"ewbhxh":"13","ewbhlbm":"JYJSFFJSQBZSXMYZL_1","hmc":"预征率a","kjskzzszyfpXse":0,"kjskzzszyfpXxynse":0,"kjqtfpXse":0,"kjqtfpXxynse":0,"wkjfpXse":0,"wkjfpXxynse":0,"nsjctzdxse":0,"nsjctzXxynse":0,"xse":0,"hjXxynse":0,"jshj":0,"ysfwkcxmbqsjkcje":0,"kchHsmsxse":0,"kchXxynse":0,"zgswskfjDm":null,"yzl":null},{"uuid":null,"sbuuid":null,"djxh":null,"nsrsbh":null,"nsrmc":null,"sbjnfsDm":null,"pzxh":null,"ewbhxh":"14","ewbhlbm":"JYJSFFJSJZJTHWJJGXLXPLW","hmc":"即征即退货物及加工修理修配劳务","kjskzzszyfpXse":0,"kjskzzszyfpXxynse":0,"kjqtfpXse":0,"kjqtfpXxynse":0,"wkjfpXse":0,"wkjfpXxynse":0,"nsjctzdxse":0,"nsjctzXxynse":0,"xse":0,"hjXxynse":0,"jshj":0,"ysfwkcxmbqsjkcje":0,"kchHsmsxse":0,"kchXxynse":0,"zgswskfjDm":null,"yzl":null},{"uuid":null,"sbuuid":null,"djxh":null,"nsrsbh":null,"nsrmc":null,"sbjnfsDm":null,"pzxh":null,"ewbhxh":"15","ewbhlbm":"JYJSFFJSJZJTFW_BDCHWXZC","hmc":"即征即退服务、不动产和无形资产","kjskzzszyfpXse":0,"kjskzzszyfpXxynse":0,"kjqtfpXse":0,"kjqtfpXxynse":0,"wkjfpXse":0,"wkjfpXxynse":0,"nsjctzdxse":0,"nsjctzXxynse":0,"xse":0,"hjXxynse":0,"jshj":0,"ysfwkcxmbqsjkcje":0,"kchHsmsxse":0,"kchXxynse":0,"zgswskfjDm":null,"yzl":null},{"uuid":null,"sbuuid":null,"djxh":null,"nsrsbh":null,"nsrmc":null,"sbjnfsDm":null,"pzxh":null,"ewbhxh":"16","ewbhlbm":"MDTSHWJJGXLXPLW","hmc":"货物及加工修理修配劳务","kjskzzszyfpXse":0,"kjskzzszyfpXxynse":0,"kjqtfpXse":0,"kjqtfpXxynse":0,"wkjfpXse":0,"wkjfpXxynse":0,"nsjctzdxse":0,"nsjctzXxynse":0,"xse":0,"hjXxynse":0,"jshj":0,"ysfwkcxmbqsjkcje":0,"kchHsmsxse":0,"kchXxynse":0,"zgswskfjDm":null,"yzl":null},{"uuid":null,"sbuuid":null,"djxh":null,"nsrsbh":null,"nsrmc":null,"sbjnfsDm":null,"pzxh":null,"ewbhxh":"17","ewbhlbm":"MDTSFW_BDCHWXZC","hmc":"服务、不动产和无形资产","kjskzzszyfpXse":0,"kjskzzszyfpXxynse":0,"kjqtfpXse":0,"kjqtfpXxynse":0,"wkjfpXse":0,"wkjfpXxynse":0,"nsjctzdxse":0,"nsjctzXxynse":0,"xse":0,"hjXxynse":0,"jshj":0,"ysfwkcxmbqsjkcje":0,"kchHsmsxse":0,"kchXxynse":0,"zgswskfjDm":null,"yzl":null},{"uuid":null,"sbuuid":null,"djxh":null,"nsrsbh":null,"nsrmc":null,"sbjnfsDm":null,"pzxh":null,"ewbhxh":"18","ewbhlbm":"MSHWJJGXLXPLW","hmc":"货物及加工修理修配劳务","kjskzzszyfpXse":0,"kjskzzszyfpXxynse":0,"kjqtfpXse":0,"kjqtfpXxynse":0,"wkjfpXse":0,"wkjfpXxynse":0,"nsjctzdxse":0,"nsjctzXxynse":0,"xse":0,"hjXxynse":0,"jshj":0,"ysfwkcxmbqsjkcje":0,"kchHsmsxse":0,"kchXxynse":0,"zgswskfjDm":null,"yzl":null},{"uuid":null,"sbuuid":null,"djxh":null,"nsrsbh":null,"nsrmc":null,"sbjnfsDm":null,"pzxh":null,"ewbhxh":"19","ewbhlbm":"MSFW_BDCHWXZC","hmc":"服务、不动产和无形资产","kjskzzszyfpXse":0,"kjskzzszyfpXxynse":0,"kjqtfpXse":0,"kjqtfpXxynse":0,"wkjfpXse":0,"wkjfpXxynse":0,"nsjctzdxse":0,"nsjctzXxynse":0,"xse":0,"hjXxynse":0,"jshj":0,"ysfwkcxmbqsjkcje":0,"kchHsmsxse":0,"kchXxynse":0,"zgswskfjDm":null,"yzl":null},{"uuid":null,"sbuuid":null,"djxh":null,"nsrsbh":null,"nsrmc":null,"sbjnfsDm":null,"pzxh":null,"ewbhxh":"20","ewbhlbm":"JYJSFFJSQBZSXMYZL_2","hmc":"预征率b","kjskzzszyfpXse":0,"kjskzzszyfpXxynse":0,"kjqtfpXse":0,"kjqtfpXxynse":0,"wkjfpXse":0,"wkjfpXxynse":0,"nsjctzdxse":0,"nsjctzXxynse":0,"xse":0,"hjXxynse":0,"jshj":0,"ysfwkcxmbqsjkcje":0,"kchHsmsxse":0,"kchXxynse":0,"zgswskfjDm":null,"yzl":null},{"uuid":null,"sbuuid":null,"djxh":null,"nsrsbh":null,"nsrmc":null,"sbjnfsDm":null,"pzxh":null,"ewbhxh":"21","ewbhlbm":"JYJSFFJSQBZSXMYZL_3","hmc":"预征率c","kjskzzszyfpXse":0,"kjskzzszyfpXxynse":0,"kjqtfpXse":0,"kjqtfpXxynse":0,"wkjfpXse":0,"wkjfpXxynse":0,"nsjctzdxse":0,"nsjctzXxynse":0,"xse":0,"hjXxynse":0,"jshj":0,"ysfwkcxmbqsjkcje":0,"kchHsmsxse":0,"kchXxynse":0,"zgswskfjDm":null,"yzl":null},{"uuid":null,"sbuuid":null,"djxh":null,"nsrsbh":null,"nsrmc":null,"sbjnfsDm":null,"pzxh":null,"ewbhxh":"22","ewbhlbm":"ZSLDFW_BDCHWXZC_5","hmc":"5%征收率的服务、不动产和无形资产","kjskzzszyfpXse":0,"kjskzzszyfpXxynse":0,"kjqtfpXse":0,"kjqtfpXxynse":0,"wkjfpXse":0,"wkjfpXxynse":0,"nsjctzdxse":0,"nsjctzXxynse":0,"xse":0,"hjXxynse":0,"jshj":0,"ysfwkcxmbqsjkcje":0,"kchHsmsxse":0,"kchXxynse":0,"zgswskfjDm":null,"yzl":null},{"uuid":null,"sbuuid":null,"djxh":null,"nsrsbh":null,"nsrmc":null,"sbjnfsDm":null,"pzxh":null,"ewbhxh":"23","ewbhlbm":"SLDHWJJGXLXPLW_9","hmc":"9%税率的货物及加工修理修配劳务","kjskzzszyfpXse":0,"kjskzzszyfpXxynse":0,"kjqtfpXse":0,"kjqtfpXxynse":0,"wkjfpXse":0,"wkjfpXxynse":0,"nsjctzdxse":0,"nsjctzXxynse":0,"xse":0,"hjXxynse":0,"jshj":0,"ysfwkcxmbqsjkcje":0,"kchHsmsxse":0,"kchXxynse":0,"zgswskfjDm":null,"yzl":null}],"sbZzsYbnsrFb2Bqjxsemx":[{"uuid":null,"pzxh":null,"sbuuid":null,"djxh":null,"ewbhxh":"1","ewbhlbm":"SBDKDJXSE_RZXFDZZSZYFP","hmc":"认证相符的防伪税控增值税专用发票","fs":0,"je":0,"se":0,"zgswskfjDm":null},{"uuid":null,"pzxh":null,"sbuuid":null,"djxh":null,"ewbhxh":"2","ewbhlbm":"SBDKDJXSE_BQRZXFQBQSBDK","hmc":"本期认证相符且本期申报抵扣","fs":0,"je":0,"se":0,"zgswskfjDm":null},{"uuid":null,"pzxh":null,"sbuuid":null,"djxh":null,"ewbhxh":"3","ewbhlbm":"SBDKDJXSE_QQRZXFQBQSBDK","hmc":"前期认证相符且本期申报抵扣","fs":0,"je":0,"se":0,"zgswskfjDm":null},{"uuid":null,"pzxh":null,"sbuuid":null,"djxh":null,"ewbhxh":"4","ewbhlbm":"SBDKDJXSE_QTKSPZ","hmc":"其他扣税凭证","fs":0,"je":0,"se":0,"zgswskfjDm":null},{"uuid":null,"pzxh":null,"sbuuid":null,"djxh":null,"ewbhxh":"5","ewbhlbm":"SBDKDJXSE_HGJKZZSZYJKS","hmc":"海关进口增值税专用缴款书","fs":0,"je":0,"se":0,"zgswskfjDm":null},{"uuid":null,"pzxh":null,"sbuuid":null,"djxh":null,"ewbhxh":"6","ewbhlbm":"SBDKDJXSE_NCPSGFPHZXSFP","hmc":"农产品收购发票或者销售发票","fs":0,"je":0,"se":0,"zgswskfjDm":null},{"uuid":null,"pzxh":null,"sbuuid":null,"djxh":null,"ewbhxh":"7","ewbhlbm":"SBDKDJXSE_DKDJSSJKPZ","hmc":"代扣代缴税收通用缴款书","fs":0,"je":0,"se":0,"zgswskfjDm":null},{"uuid":null,"pzxh":null,"sbuuid":null,"djxh":null,"ewbhxh":"8","ewbhlbm":"SBDKDJXSE_QT","hmc":"其他","fs":0,"je":0,"se":0,"zgswskfjDm":null},{"uuid":null,"pzxh":null,"sbuuid":null,"djxh":null,"ewbhxh":"9","ewbhlbm":"SBDKDJXSE_BQYYGJBDCDKSPZ","hmc":"本期用于购建不动产的扣税凭证","fs":0,"je":0,"se":0,"zgswskfjDm":null},{"uuid":null,"pzxh":null,"sbuuid":null,"djxh":null,"ewbhxh":"10","ewbhlbm":"SBDKDJXSE_BQYYDKDLKYSFWKSPZ","hmc":"本期用于抵扣的旅客运输服务扣税凭证","fs":0,"je":0,"se":0,"zgswskfjDm":null},{"uuid":null,"pzxh":null,"sbuuid":null,"djxh":null,"ewbhxh":"11","ewbhlbm":"SBDKDJXSE_WMQYJXSEDKZM","hmc":"外贸企业进项税额抵扣证明","fs":0,"je":0,"se":0,"zgswskfjDm":null},{"uuid":null,"pzxh":null,"sbuuid":null,"djxh":null,"ewbhxh":"12","ewbhlbm":"SBDKDJXSE_DQSBDKJXSEHJ","hmc":"当期申报抵扣进项税额合计","fs":0,"je":0,"se":0,"zgswskfjDm":null},{"uuid":null,"pzxh":null,"sbuuid":null,"djxh":null,"ewbhxh":"13","ewbhlbm":"JXSEZCE_BQJXSEZCE","hmc":"本期进项税转出额","fs":0,"je":0,"se":0,"zgswskfjDm":null},{"uuid":null,"pzxh":null,"sbuuid":null,"djxh":null,"ewbhxh":"14","ewbhlbm":"JXSEZCE_QZ_MSXMY","hmc":"其中：免税货物用","fs":0,"je":0,"se":0,"zgswskfjDm":null},{"uuid":null,"pzxh":null,"sbuuid":null,"djxh":null,"ewbhxh":"15","ewbhlbm":"JXSEZCE_JTFL_GRXF","hmc":"集体福利、个人消费","fs":0,"je":0,"se":0,"zgswskfjDm":null},{"uuid":null,"pzxh":null,"sbuuid":null,"djxh":null,"ewbhxh":"16","ewbhlbm":"JXSEZCE_FZCSS","hmc":"非正常损失","fs":0,"je":0,"se":0,"zgswskfjDm":null},{"uuid":null,"pzxh":null,"sbuuid":null,"djxh":null,"ewbhxh":"17","ewbhlbm":"JXSEZCE_JYJSFFZSXMY","hmc":"简易计税方法征税项目用","fs":0,"je":0,"se":0,"zgswskfjDm":null},{"uuid":null,"pzxh":null,"sbuuid":null,"djxh":null,"ewbhxh":"18","ewbhlbm":"JXSEZCE_MDTSBFBDDKDJXSE","hmc":"免抵退税办法出口货物不得抵扣进项税额","fs":0,"je":0,"se":0,"zgswskfjDm":null},{"uuid":null,"pzxh":null,"sbuuid":null,"djxh":null,"ewbhxh":"19","ewbhlbm":"JXSEZCE_NSJCDJJXSE","hmc":"纳税检查调减进项税额","fs":0,"je":0,"se":0,"zgswskfjDm":null},{"uuid":null,"pzxh":null,"sbuuid":null,"djxh":null,"ewbhxh":"20","ewbhlbm":"JXSEZCE_HZZYFPXXBZMDJXSE","hmc":"红字专用发票信息表注明的进项税额","fs":0,"je":0,"se":0,"zgswskfjDm":null},{"uuid":null,"pzxh":null,"sbuuid":null,"djxh":null,"ewbhxh":"21","ewbhlbm":"JXSEZCE_SQLDSEDJQS","hmc":"上期留抵税额抵减欠税","fs":0,"je":0,"se":0,"zgswskfjDm":null},{"uuid":null,"pzxh":null,"sbuuid":null,"djxh":null,"ewbhxh":"22","ewbhlbm":"JXSEZCE_SQLDSETS","hmc":"上期留抵税额退税","fs":0,"je":0,"se":0,"zgswskfjDm":null},{"uuid":null,"pzxh":null,"sbuuid":null,"djxh":null,"ewbhxh":"23","ewbhlbm":"JXSEZCE_QTYZJXSEZCDQX","hmc":"其他应作进项税额转出的情形","fs":0,"je":0,"se":0,"zgswskfjDm":null},{"uuid":null,"pzxh":null,"sbuuid":null,"djxh":null,"ewbhxh":"24","ewbhlbm":"DDKJXSE_RZXFDZZSZYFP","hmc":"认证相符的防伪税控增值税专用发票","fs":0,"je":0,"se":0,"zgswskfjDm":null},{"uuid":null,"pzxh":null,"sbuuid":null,"djxh":null,"ewbhxh":"25","ewbhlbm":"DDKJXSE_QCYRZXFDWSBDK","hmc":"期初已认证相符但未申报抵扣","fs":0,"je":0,"se":0,"zgswskfjDm":null},{"uuid":null,"pzxh":null,"sbuuid":null,"djxh":null,"ewbhxh":"26","ewbhlbm":"DDKJXSE_BQRZXFQBQWSBDK","hmc":"本期认证相符且本期未申报抵扣","fs":0,"je":0,"se":0,"zgswskfjDm":null},{"uuid":null,"pzxh":null,"sbuuid":null,"djxh":null,"ewbhxh":"27","ewbhlbm":"DDKJXSE_QMYRZXFDWSBDK","hmc":"期末已认证相符但未申报抵扣","fs":0,"je":0,"se":0,"zgswskfjDm":null},{"uuid":null,"pzxh":null,"sbuuid":null,"djxh":null,"ewbhxh":"28","ewbhlbm":"DDKJXSE_QZ_AZSFGDBYXDK","hmc":"其中：按照税法规定不允许抵扣","fs":0,"je":0,"se":0,"zgswskfjDm":null},{"uuid":null,"pzxh":null,"sbuuid":null,"djxh":null,"ewbhxh":"29","ewbhlbm":"DDKJXSE_QTKSPZ","hmc":"非防伪税控增值税专用发票及其他扣税凭证","fs":0,"je":0,"se":0,"zgswskfjDm":null},{"uuid":null,"pzxh":null,"sbuuid":null,"djxh":null,"ewbhxh":"30","ewbhlbm":"DDKJXSE_QZ_HGJKZZSZYJKS","hmc":"其中：海关进口增值税专用缴款书","fs":0,"je":0,"se":0,"zgswskfjDm":null},{"uuid":null,"pzxh":null,"sbuuid":null,"djxh":null,"ewbhxh":"31","ewbhlbm":"DDKJXSE_NCPSGFPHZXSFP","hmc":"农产品收购发票或者销售发票","fs":0,"je":0,"se":0,"zgswskfjDm":null},{"uuid":null,"pzxh":null,"sbuuid":null,"djxh":null,"ewbhxh":"32","ewbhlbm":"DDKJXSE_DKDJSSJKPZ","hmc":"代扣代缴税收通用缴款书","fs":0,"je":0,"se":0,"zgswskfjDm":null},{"uuid":null,"pzxh":null,"sbuuid":null,"djxh":null,"ewbhxh":"33","ewbhlbm":"DDKJXSE_QT","hmc":"其他","fs":0,"je":0,"se":0,"zgswskfjDm":null},{"uuid":null,"pzxh":null,"sbuuid":null,"djxh":null,"ewbhxh":"35","ewbhlbm":"QT_BQRZXFDZZSZYFP","hmc":"本期认证相符的全部防伪税控增值税专用发票","fs":0,"je":0,"se":0,"zgswskfjDm":null},{"uuid":null,"pzxh":null,"sbuuid":null,"djxh":null,"ewbhxh":"36","ewbhlbm":"QT_DKDJSE","hmc":"其他-代扣代缴税额","fs":0,"je":0,"se":0,"zgswskfjDm":null},{"uuid":null,"pzxh":null,"sbuuid":null,"djxh":null,"ewbhxh":"37","ewbhlbm":"SBDKDJXSE_JJKCNCPJXSE","hmc":"加计扣除农产品进项税额","fs":0,"je":0,"se":0,"zgswskfjDm":null},{"uuid":null,"pzxh":null,"sbuuid":null,"djxh":null,"ewbhxh":"38","ewbhlbm":"JXSEZCE_YCPZZCJXSE","hmc":"异常凭证转出进项税额","fs":0,"je":0,"se":0,"zgswskfjDm":null}],"sbZzsYbnsrFb3Ysfwkcxm":[{"uuid":null,"pzxh":null,"sbuuid":null,"djxh":null,"ewbhxh":"1","ewbhlbm":"SLDXM_13","hmc":"13%税率的项目","msxse":0,"qcye":0,"bqfse":0,"bqykcje":0,"bqsjkcje":0,"qmye":0,"zgswskfjDm":null},{"uuid":null,"pzxh":null,"sbuuid":null,"djxh":null,"ewbhxh":"2","ewbhlbm":"SLDXM_9","hmc":"9%税率的项目","msxse":0,"qcye":0,"bqfse":0,"bqykcje":0,"bqsjkcje":0,"qmye":0,"zgswskfjDm":null},{"uuid":null,"pzxh":null,"sbuuid":null,"djxh":null,"ewbhxh":"3","ewbhlbm":"SLDXM_BHJRSPZR_6","hmc":"6%税率的项目（不含金融商品转让）","msxse":0,"qcye":0,"bqfse":0,"bqykcje":0,"bqsjkcje":0,"qmye":0,"zgswskfjDm":null},{"uuid":null,"pzxh":null,"sbuuid":null,"djxh":null,"ewbhxh":"4","ewbhlbm":"SLDJRSPZRXM_6","hmc":"6%税率的金融商品转让项目","msxse":0,"qcye":0,"bqfse":0,"bqykcje":0,"bqsjkcje":0,"qmye":0,"zgswskfjDm":null},{"uuid":null,"pzxh":null,"sbuuid":null,"djxh":null,"ewbhxh":"5","ewbhlbm":"ZSLDXM_5","hmc":"5%征收率的项目","msxse":0,"qcye":0,"bqfse":0,"bqykcje":0,"bqsjkcje":0,"qmye":0,"zgswskfjDm":null},{"uuid":null,"pzxh":null,"sbuuid":null,"djxh":null,"ewbhxh":"6","ewbhlbm":"ZSLDXM_3","hmc":"3%征收率的项目","msxse":0,"qcye":0,"bqfse":0,"bqykcje":0,"bqsjkcje":0,"qmye":0,"zgswskfjDm":null},{"uuid":null,"pzxh":null,"sbuuid":null,"djxh":null,"ewbhxh":"7","ewbhlbm":"MDTSDXM","hmc":"免抵退税的项目","msxse":0,"qcye":0,"bqfse":0,"bqykcje":0,"bqsjkcje":0,"qmye":0,"zgswskfjDm":null},{"uuid":null,"pzxh":null,"sbuuid":null,"djxh":null,"ewbhxh":"8","ewbhlbm":"MSDXM","hmc":"免税的项目","msxse":0,"qcye":0,"bqfse":0,"bqykcje":0,"bqsjkcje":0,"qmye":0,"zgswskfjDm":null}],"sbZzsYbnsrFb4Sedjqk":[{"uuid":null,"sbuuid":null,"djxh":null,"pzxh":null,"ewbhxh":"1","ewbhlbm":"SEDJQK_ZZSSKXTZYSBFJJSWHF","hmc":"增值税税控系统专用设备费及技术维护费","qcye":0,"bqfse":0,"bqydjse":0,"bqsjdjse":0,"qmye":0,"bqzce":0,"bqkjjdkjxse":0,"bqsjjjdkjxse":0},{"uuid":null,"sbuuid":null,"djxh":null,"pzxh":null,"ewbhxh":"2","ewbhlbm":"SEDJQK_FZJGYZJNSK","hmc":"分支机构预征缴纳税款","qcye":0,"bqfse":0,"bqydjse":0,"bqsjdjse":0,"qmye":0,"bqzce":0,"bqkjjdkjxse":0,"bqsjjjdkjxse":0},{"uuid":null,"sbuuid":null,"djxh":null,"pzxh":null,"ewbhxh":"3","ewbhlbm":"SEDJQK_JZFWYZJNSK","hmc":"建筑服务预征缴纳税款","qcye":0,"bqfse":0,"bqydjse":0,"bqsjdjse":0,"qmye":0,"bqzce":0,"bqkjjdkjxse":0,"bqsjjjdkjxse":0},{"uuid":null,"sbuuid":null,"djxh":null,"pzxh":null,"ewbhxh":"4","ewbhlbm":"SEDJQK_XSBDCYZJNSK","hmc":"销售不动产预征缴纳税款","qcye":0,"bqfse":0,"bqydjse":0,"bqsjdjse":0,"qmye":0,"bqzce":0,"bqkjjdkjxse":0,"bqsjjjdkjxse":0},{"uuid":null,"sbuuid":null,"djxh":null,"pzxh":null,"ewbhxh":"5","ewbhlbm":"SEDJQK_CZBDCYZJNSK","hmc":"出租不动产预征缴纳税款","qcye":0,"bqfse":0,"bqydjse":0,"bqsjdjse":0,"qmye":0,"bqzce":0,"bqkjjdkjxse":0,"bqsjjjdkjxse":0},{"uuid":null,"sbuuid":null,"djxh":null,"pzxh":null,"ewbhxh":"6","ewbhlbm":"JJDJQK_YBXMJJDJEJS","hmc":"本期加计抵扣进项税额计算（一般项目）","qcye":0,"bqfse":0,"bqydjse":0,"bqsjdjse":0,"qmye":0,"bqzce":0,"bqkjjdkjxse":0,"bqsjjjdkjxse":0},{"uuid":null,"sbuuid":null,"djxh":null,"pzxh":null,"ewbhxh":"7","ewbhlbm":"JJDJQK_JZJTXMJJDJEJS","hmc":"本期加计抵扣进项税额计算（即征即退项目）","qcye":0,"bqfse":0,"bqydjse":0,"bqsjdjse":0,"qmye":0,"bqzce":0,"bqkjjdkjxse":0,"bqsjjjdkjxse":0},{"uuid":null,"sbuuid":null,"djxh":null,"pzxh":null,"ewbhxh":"8","ewbhlbm":"JJDJQK_HJ","hmc":"合计","qcye":0,"bqfse":0,"bqydjse":0,"bqsjdjse":0,"qmye":0,"bqzce":0,"bqkjjdkjxse":0,"bqsjjjdkjxse":0}],"sbZzsYbnsrFbCbfhdncp":null,"sbZzsYbnsrFbCpygxcqk":null,"sbZzsYbnsrFbCpygxcsl":null,"sbZzsYbnsrFbDkdjjksdk":null,"sbZzsYbnsrFbDlqyxxjx":null,"sbZzsYbnsrFbDxqy":null,"sbZzsYbnsrFbHdncpjx":null,"sbZzsYbnsrFbHkys":null,"sbZzsYbnsrFbHznsfp":null,"sbZzsYbnsrFbHztycdd":null,"sbZzsYbnsrFbJyzyfjyxx":null,"sbZzsYbnsrFbJyzyxshz":null,"sbZzsYbnsrFbNcphdkchz":null,"sbZzsYbnsrFbNcpyyscjy":null,"sbZzsYbnsrFbNcpzjxs":null,"sbZzsYbnsrFbTljsjj":null,"sbZzsYbnsrFbTlys":null,"sbZzsYbnsrFbYzqy":null,"sbZzsXzjjdjzcjg":null,"sbZzsJcdlqywgxpTz":[]},"sbsx":{"yzpzzlDm":"BDA0610606","snapshotId":"27b23f511d33467ab143490836b8601d","skssqq":"2024-01-01","skssqz":"2024-01-31","ywbwSbmsDm":"3","sbmsDm":"3","sbuuid":"E345C2FA3CBF17E3BF7A06D2C1DB69D9","pzxh":"10015124000008022524","jylxDm":"1","sbxh":"e7c583fe9d114b289544f524597a44a3","sfyczb":"","dlrxx":{"userId":"33252352352352352","userName":"用户名称","zjlxDm":"201","zjhm":"345671199009170981","xm":"姓名","sjhm":"18709876543","token":"","userType":""}},"qzbcList":[{"yzpzzlDm":"","sbxh":"","sfyczb":"","btgyylx":"","qztjsm":""}]}]},
            "mxid": "202406211043"
        }
    ],
    "ssjg": [
        {
            "djxh": "10214406000000030524",
            "skssqq": "2024-06-01",
            "skssqz": "2024-06-30",
            "mxid": "1",
            "ssjgxxGrid": [
                {
                    "ssjguuid": "123456",
                    "jsxDm":"1",
                    "skssqq":"2024-06-01",
                    "skssqz":"2024-06-30",
                    "ssjezj":"123",
                    "ssjejs":"1234",
                    "ssjeye":"12345"
                }
            ]
        }
    ]
}