{
    "requestId": "202406211070",
    "pclsh": "c96ad87dcc62463bb7f59d7fa1745a8e",
    "jcbw": {
        "jbr": "1",
        "jbrsfzjlxDm": "1",
        "jbrsfzjhm": "123"
    },
    "ywbw": [
        {
            "swsxDm": "SXN022000601",
            "djxh": "10214406000000030524",
            "swjgDm": "14400000000",
            "skssqq": "2024-06-01",
            "skssqz": "2024-06-30",
            "gzbz": "Y",
            "syczbz": "",
            "sbsj": {"sbuuid":"7B4B31A8BA2A4EA5F455A00393D33A6C","skssqq":"2023-10-01","djxh":"10215115000000032076","zfyy":"","zsxmDm":"10104","yzpzzlDm":"BDA0611159","pzxh":"10015124000008010296","skssqz":"2023-12-31"},
            "mxid": "202406211043"
        }
    ]
}