[
  {
    "ssgcuuid": "uuid[1]",
    "jsxzt1Dm": "1101-10101",
    "jsxzt2Dm": "2101-10101",
    "spbmdl": 1.0,
    "spbm": 1,
    "sl1": 0,
    "sspzflDm": 1.0,
    "jzjtbz": 1.0,
    "jmsxmDm": 1.0,
    "ssmsbzDm": 1.0,
    "ssjmxzDm": 1.0,
    "swsxDm": 1.0,
    "zsyjlxDm": 1.0,
    "jxsezclxDm": 1.0,
    "nsjctzlxDm": 1.0,
    "gjbdcbz": 1.0,
    "jrspzrbz": 1.0,
    "ldseztDm": 1.0,
    "mtszcDm": 1.0,
    "gxdklxDm": 1.0,
    "ttsjlxDm": 1.0,
    "azzsjjdjkmlxDm": 1.0,
    "yqkszzszyfpbz": 1.0,
    "jsffDm": 1.0,
    "tdyslxDm": 1.0,
    "fphm": 1.0,
    "wkjfpspmc": 1.0,
    "wkjfpdxDm": 1.0,
    "wkjfpywlxDm": 1.0,
    "ywfsrq": 1.0,
    "skssqq": 1.0,
    "skssqz": 1.0,
    "ssywsq": 1.0,
    "ssyspzlxDm": 1.0,
    "sspzhm": 1.0,
    "ywxwflDm": "XW002",
    "bz": 1.0,
    "fpztbzDm": 1.0,
    "ssgcje": 1.0,
    "lrrq": 1.0,
    "xgrq": 1.0
  },
  {
    "ssgcuuid": "uuid[2]",
    "jsxzt1Dm": "1201-10101-MX0001",
    "jsxzt2Dm": "2201-10101-MX0001",
    "spbmdl": 1.0,
    "spbm": 1,
    "sl1": 0,
    "sspzflDm": 1.0,
    "jzjtbz": 1.0,
    "jmsxmDm": 1.0,
    "ssmsbzDm": 1.0,
    "ssjmxzDm": 1.0,
    "swsxDm": 1.0,
    "zsyjlxDm": 1.0,
    "jxsezclxDm": 1.0,
    "nsjctzlxDm": 1.0,
    "gjbdcbz": 1.0,
    "jrspzrbz": 1.0,
    "ldseztDm": 1.0,
    "mtszcDm": 1.0,
    "gxdklxDm": 1.0,
    "ttsjlxDm": 1.0,
    "azzsjjdjkmlxDm": 1.0,
    "yqkszzszyfpbz": 1.0,
    "jsffDm": 1.0,
    "tdyslxDm": 1.0,
    "fphm": 1.0,
    "wkjfpspmc": 1.0,
    "wkjfpdxDm": 1.0,
    "wkjfpywlxDm": 1.0,
    "ywfsrq": 1.0,
    "skssqq": 1.0,
    "skssqz": 1.0,
    "ssywsq": 1.0,
    "ssyspzlxDm": 1.0,
    "sspzhm": 1.0,
    "ywxwflDm": "XW002",
    "bz": 1.0,
    "fpztbzDm": 1.0,
    "ssgcje": 1.0,
    "lrrq": 1.0,
    "xgrq": 1.0
  },
  {
    "ssgcuuid": "uuid[3]",
    "jsxzt1Dm": "1101-10101",
    "jsxzt2Dm": "2101-10101",
    "spbmdl": "",
    "spbm": 1,
    "sl1": 0,
    "sspzflDm": "",
    "jzjtbz": "",
    "jmsxmDm": "",
    "ssmsbzDm": "",
    "ssjmxzDm": "",
    "swsxDm": "",
    "zsyjlxDm": "",
    "jxsezclxDm": "",
    "nsjctzlxDm": "",
    "gjbdcbz": "",
    "jrspzrbz": "",
    "ldseztDm": "",
    "mtszcDm": "",
    "gxdklxDm": "",
    "ttsjlxDm": "",
    "azzsjjdjkmlxDm": "",
    "yqkszzszyfpbz": "",
    "jsffDm": "",
    "tdyslxDm": "",
    "fphm": "",
    "wkjfpspmc": "",
    "wkjfpdxDm": "",
    "wkjfpywlxDm": "",
    "ywfsrq": "",
    "skssqq": "",
    "skssqz": "",
    "ssywsq": "",
    "ssyspzlxDm": "",
    "sspzhm": "",
    "ywxwflDm": "",
    "bz": "",
    "fpztbzDm": "",
    "ssgcje": "",
    "lrrq": "",
    "xgrq": ""
  },
  {
    "ssgcuuid": "uuid[4]",
    "jsxzt1Dm": "1201-10101-MX0001",
    "jsxzt2Dm": "2201-10101-MX0001",
    "spbmdl": "",
    "spbm": 1,
    "sl1": 0,
    "sspzflDm": "",
    "jzjtbz": "",
    "jmsxmDm": "",
    "ssmsbzDm": "",
    "ssjmxzDm": "",
    "swsxDm": "",
    "zsyjlxDm": "",
    "jxsezclxDm": "",
    "nsjctzlxDm": "",
    "gjbdcbz": "",
    "jrspzrbz": "",
    "ldseztDm": "",
    "mtszcDm": "",
    "gxdklxDm": "",
    "ttsjlxDm": "",
    "azzsjjdjkmlxDm": "",
    "yqkszzszyfpbz": "",
    "jsffDm": "",
    "tdyslxDm": "",
    "fphm": "",
    "wkjfpspmc": "",
    "wkjfpdxDm": "",
    "wkjfpywlxDm": "",
    "ywfsrq": "",
    "skssqq": "",
    "skssqz": "",
    "ssywsq": "",
    "ssyspzlxDm": "",
    "sspzhm": "",
    "ywxwflDm": "",
    "bz": "",
    "fpztbzDm": "",
    "ssgcje": "",
    "lrrq": "",
    "xgrq": ""
  },
  {
    "ssgcuuid": "uuid[5]",
    "jsxzt1Dm": "1101-10101",
    "jsxzt2Dm": "2101-10101",
    "spbmdl": "",
    "spbm": 3,
    "sl1": 5,
    "sspzflDm": "",
    "jzjtbz": "",
    "jmsxmDm": "",
    "ssmsbzDm": "",
    "ssjmxzDm": "",
    "swsxDm": "",
    "zsyjlxDm": "",
    "jxsezclxDm": "",
    "nsjctzlxDm": "",
    "gjbdcbz": "",
    "jrspzrbz": "",
    "ldseztDm": "",
    "mtszcDm": "",
    "gxdklxDm": "",
    "ttsjlxDm": "",
    "azzsjjdjkmlxDm": "",
    "yqkszzszyfpbz": "",
    "jsffDm": "",
    "tdyslxDm": "",
    "fphm": "",
    "wkjfpspmc": "",
    "wkjfpdxDm": "",
    "wkjfpywlxDm": "",
    "ywfsrq": "",
    "skssqq": "",
    "skssqz": "",
    "ssywsq": "",
    "ssyspzlxDm": "",
    "sspzhm": "",
    "ywxwflDm": "",
    "bz": "",
    "fpztbzDm": "",
    "ssgcje": "",
    "lrrq": "",
    "xgrq": ""
  },
  {
    "ssgcuuid": "uuid[6]",
    "jsxzt1Dm": "1201-10101-MX0001",
    "jsxzt2Dm": "2201-10101-MX0001",
    "spbmdl": "",
    "spbm": 3,
    "sl1": 5,
    "sspzflDm": "",
    "jzjtbz": "",
    "jmsxmDm": "",
    "ssmsbzDm": "",
    "ssjmxzDm": "",
    "swsxDm": "",
    "zsyjlxDm": "",
    "jxsezclxDm": "",
    "nsjctzlxDm": "",
    "gjbdcbz": "",
    "jrspzrbz": "",
    "ldseztDm": "",
    "mtszcDm": "",
    "gxdklxDm": "",
    "ttsjlxDm": "",
    "azzsjjdjkmlxDm": "",
    "yqkszzszyfpbz": "",
    "jsffDm": "",
    "tdyslxDm": "",
    "fphm": "",
    "wkjfpspmc": "",
    "wkjfpdxDm": "",
    "wkjfpywlxDm": "",
    "ywfsrq": "",
    "skssqq": "",
    "skssqz": "",
    "ssywsq": "",
    "ssyspzlxDm": "",
    "sspzhm": "",
    "ywxwflDm": "",
    "bz": "",
    "fpztbzDm": "",
    "ssgcje": "",
    "lrrq": "",
    "xgrq": ""
  },
  {
    "ssgcuuid": "uuid[7]",
    "jsxzt1Dm": "1101-10101",
    "jsxzt2Dm": "2101-10101",
    "spbmdl": "",
    "spbm": 3,
    "sl1": 5,
    "sspzflDm": "",
    "jzjtbz": "",
    "jmsxmDm": "",
    "ssmsbzDm": "",
    "ssjmxzDm": "",
    "swsxDm": "",
    "zsyjlxDm": "",
    "jxsezclxDm": "",
    "nsjctzlxDm": "",
    "gjbdcbz": "",
    "jrspzrbz": "",
    "ldseztDm": "",
    "mtszcDm": "",
    "gxdklxDm": "",
    "ttsjlxDm": "",
    "azzsjjdjkmlxDm": "",
    "yqkszzszyfpbz": "",
    "jsffDm": "",
    "tdyslxDm": "",
    "fphm": "",
    "wkjfpspmc": "",
    "wkjfpdxDm": "",
    "wkjfpywlxDm": "",
    "ywfsrq": "",
    "skssqq": "",
    "skssqz": "",
    "ssywsq": "",
    "ssyspzlxDm": "",
    "sspzhm": "",
    "ywxwflDm": "",
    "bz": "",
    "fpztbzDm": "",
    "ssgcje": "",
    "lrrq": "",
    "xgrq": ""
  },
  {
    "ssgcuuid": "uuid[8]",
    "jsxzt1Dm": "1201-10101-MX0001",
    "jsxzt2Dm": "2201-10101-MX0001",
    "spbmdl": "",
    "spbm": 3,
    "sl1": 5,
    "sspzflDm": "",
    "jzjtbz": "",
    "jmsxmDm": "",
    "ssmsbzDm": "",
    "ssjmxzDm": "",
    "swsxDm": "",
    "zsyjlxDm": "",
    "jxsezclxDm": "",
    "nsjctzlxDm": "",
    "gjbdcbz": "",
    "jrspzrbz": "",
    "ldseztDm": "",
    "mtszcDm": "",
    "gxdklxDm": "",
    "ttsjlxDm": "",
    "azzsjjdjkmlxDm": "",
    "yqkszzszyfpbz": "",
    "jsffDm": "",
    "tdyslxDm": "",
    "fphm": "",
    "wkjfpspmc": "",
    "wkjfpdxDm": "",
    "wkjfpywlxDm": "",
    "ywfsrq": "",
    "skssqq": "",
    "skssqz": "",
    "ssywsq": "",
    "ssyspzlxDm": "",
    "sspzhm": "",
    "ywxwflDm": "",
    "bz": "",
    "fpztbzDm": "",
    "ssgcje": "",
    "lrrq": "",
    "xgrq": ""
  },
  {
    "ssgcuuid": "uuid[9]",
    "jsxzt1Dm": "1101-10101",
    "jsxzt2Dm": "2101-10101",
    "spbmdl": "",
    "spbm": 5,
    "sl1": 6,
    "sspzflDm": "",
    "jzjtbz": "",
    "jmsxmDm": "",
    "ssmsbzDm": "",
    "ssjmxzDm": "",
    "swsxDm": "",
    "zsyjlxDm": "",
    "jxsezclxDm": "",
    "nsjctzlxDm": "",
    "gjbdcbz": "",
    "jrspzrbz": "",
    "ldseztDm": "",
    "mtszcDm": "",
    "gxdklxDm": "",
    "ttsjlxDm": "",
    "azzsjjdjkmlxDm": "",
    "yqkszzszyfpbz": "",
    "jsffDm": "",
    "tdyslxDm": "",
    "fphm": "",
    "wkjfpspmc": "",
    "wkjfpdxDm": "",
    "wkjfpywlxDm": "",
    "ywfsrq": "",
    "skssqq": "",
    "skssqz": "",
    "ssywsq": "",
    "ssyspzlxDm": "",
    "sspzhm": "",
    "ywxwflDm": "",
    "bz": "",
    "fpztbzDm": "",
    "ssgcje": "",
    "lrrq": "",
    "xgrq": ""
  },
  {
    "ssgcuuid": "uuid[10]",
    "jsxzt1Dm": "1201-10101-MX0001",
    "jsxzt2Dm": "2201-10101-MX0001",
    "spbmdl": "",
    "spbm": 5,
    "sl1": 6,
    "sspzflDm": "",
    "jzjtbz": "",
    "jmsxmDm": "",
    "ssmsbzDm": "",
    "ssjmxzDm": "",
    "swsxDm": "",
    "zsyjlxDm": "",
    "jxsezclxDm": "",
    "nsjctzlxDm": "",
    "gjbdcbz": "",
    "jrspzrbz": "",
    "ldseztDm": "",
    "mtszcDm": "",
    "gxdklxDm": "",
    "ttsjlxDm": "",
    "azzsjjdjkmlxDm": "",
    "yqkszzszyfpbz": "",
    "jsffDm": "",
    "tdyslxDm": "",
    "fphm": "",
    "wkjfpspmc": "",
    "wkjfpdxDm": "",
    "wkjfpywlxDm": "",
    "ywfsrq": "",
    "skssqq": "",
    "skssqz": "",
    "ssywsq": "",
    "ssyspzlxDm": "",
    "sspzhm": "",
    "ywxwflDm": "",
    "bz": "",
    "fpztbzDm": "",
    "ssgcje": "",
    "lrrq": "",
    "xgrq": ""
  },
  {
    "ssgcuuid": "uuid[11]",
    "jsxzt1Dm": "1101-10101",
    "jsxzt2Dm": "2101-10101",
    "spbmdl": "",
    "spbm": 5,
    "sl1": 6,
    "sspzflDm": "",
    "jzjtbz": "",
    "jmsxmDm": "",
    "ssmsbzDm": "",
    "ssjmxzDm": "",
    "swsxDm": "",
    "zsyjlxDm": "",
    "jxsezclxDm": "",
    "nsjctzlxDm": "",
    "gjbdcbz": "",
    "jrspzrbz": "",
    "ldseztDm": "",
    "mtszcDm": "",
    "gxdklxDm": "",
    "ttsjlxDm": "",
    "azzsjjdjkmlxDm": "",
    "yqkszzszyfpbz": "",
    "jsffDm": "",
    "tdyslxDm": "",
    "fphm": "",
    "wkjfpspmc": "",
    "wkjfpdxDm": "",
    "wkjfpywlxDm": "",
    "ywfsrq": "",
    "skssqq": "",
    "skssqz": "",
    "ssywsq": "",
    "ssyspzlxDm": "",
    "sspzhm": "",
    "ywxwflDm": "",
    "bz": "",
    "fpztbzDm": "",
    "ssgcje": "",
    "lrrq": "",
    "xgrq": ""
  },
  {
    "ssgcuuid": "uuid[12]",
    "jsxzt1Dm": "1201-10101-MX0001",
    "jsxzt2Dm": "2201-10101-MX0001",
    "spbmdl": "",
    "spbm": 5,
    "sl1": 6,
    "sspzflDm": "",
    "jzjtbz": "",
    "jmsxmDm": "",
    "ssmsbzDm": "",
    "ssjmxzDm": "",
    "swsxDm": "",
    "zsyjlxDm": "",
    "jxsezclxDm": "",
    "nsjctzlxDm": "",
    "gjbdcbz": "",
    "jrspzrbz": "",
    "ldseztDm": "",
    "mtszcDm": "",
    "gxdklxDm": "",
    "ttsjlxDm": "",
    "azzsjjdjkmlxDm": "",
    "yqkszzszyfpbz": "",
    "jsffDm": "",
    "tdyslxDm": "",
    "fphm": "",
    "wkjfpspmc": "",
    "wkjfpdxDm": "",
    "wkjfpywlxDm": "",
    "ywfsrq": "",
    "skssqq": "",
    "skssqz": "",
    "ssywsq": "",
    "ssyspzlxDm": "",
    "sspzhm": "",
    "ywxwflDm": "",
    "bz": "",
    "fpztbzDm": "",
    "ssgcje": "",
    "lrrq": "",
    "xgrq": ""
  }
]